{
  "best_f1": 0.5306122448979592,
  "elapsed_seconds": 800.9026968479156
}